{"cameraMode":{"drawMode":0,"name":"Shaded","section":"Shading Mode"},"sceneLighting":false,"audioPlay":false,"sceneViewState":{"m_AlwaysRefresh":false,"showFog":true,"showSkybox":true,"showFlares":true,"showImageEffects":true,"showParticleSystems":true,"showVisualEffectGraphs":true,"m_FxEnabled":true},"in2DMode":false,"pivot":{"x":22.461721420288087,"y":16.950000762939454,"z":-21.03745460510254},"rotation":{"x":-0.09786251932382584,"y":0.3556306064128876,"z":-0.03750209882855415,"w":-0.9286755919456482},"size":3.5248289108276369,"orthographic":true}