{"cameraMode":{"drawMode":0,"name":"Shaded","section":"Shading Mode"},"sceneLighting":false,"audioPlay":false,"sceneViewState":{"m_AlwaysRefresh":false,"showFog":true,"showSkybox":false,"showFlares":true,"showImageEffects":true,"showParticleSystems":true,"showVisualEffectGraphs":true,"m_FxEnabled":true},"in2DMode":false,"pivot":{"x":-2.88089919090271,"y":4.699999809265137,"z":21.190000534057618},"rotation":{"x":-0.013588587753474713,"y":-0.9680036902427673,"z":0.05378056317567825,"w":-0.244609996676445},"size":0.000040431237721350044,"orthographic":true}